# {"t_start": 1582933514.030911, "env_id": "Hopper-v2"} 
r,l,t
3853.844821,1000,2.043802
3849.486674,1000,3.969383
3866.949414,1000,5.761347
3830.285182,1000,7.575226
3852.274575,1000,9.379467
3871.339079,1000,11.178082
3839.385098,1000,12.96923
3854.221495,1000,14.753592
3850.512156,1000,16.599696
3874.963104,1000,18.41565
