# {"env_id": "HalfCheetah-v2", "t_start": 1583076850.272471} 
r,l,t
4523.088475,1000,1.401065
4466.50532,1000,2.871383
4597.71269,1000,4.354415
4556.644098,1000,5.842086
4511.400335,1000,7.525295
4555.257473,1000,9.305914
4593.742831,1000,11.252529
4552.052729,1000,13.155745
4537.497234,1000,15.183808
4542.169737,1000,17.11011
