# {"t_start": 1582694039.2883182, "env_id": "MountainCarContinuous-v0"} 
r,l,t
-102.329702,999,6.041319
-96.236725,999,10.139783
