# {"env_id": "HalfCheetah-v2", "t_start": 1582899344.7099984} 
r,l,t
3800.523252,1000,2.076073
4003.517508,1000,4.149954
3901.909944,1000,6.274412
3980.970044,1000,8.442383
4012.505457,1000,10.63984
3801.867291,1000,12.76725
3993.993162,1000,14.928043
3997.379537,1000,17.126509
3843.589824,1000,19.209316
3934.829627,1000,21.360294
