# {"env_id": "HalfCheetah-v2", "t_start": 1582947418.6560485} 
r,l,t
4173.462784,1000,1.800811
4183.537574,1000,3.644491
4145.393719,1000,5.518934
4198.905366,1000,7.324142
4171.655436,1000,9.267881
4091.609499,1000,11.142231
4161.127423,1000,13.139223
4078.393178,1000,15.08335
4192.157093,1000,17.087644
4151.998396,1000,19.399586
