# {"t_start": 1583475681.6428378, "env_id": "HalfCheetah-v2"} 
r,l,t
-727.670806,1000,6.910408
-749.738577,1000,10.143264
