# {"t_start": 1583073714.426407, "env_id": "Hopper-v2"} 
r,l,t
1053.421778,323,0.734846
1032.779073,317,1.475586
997.323957,306,2.122252
1046.305074,321,2.865525
998.643066,307,3.51648
1006.317458,309,4.190285
1139.651405,346,4.888786
1018.872958,313,5.560623
1024.721315,315,6.313452
1050.963019,322,7.102755
