# {"env_id": "Hopper-v2", "t_start": 1583018467.515023} 
r,l,t
39.185372,23,0.046929
40.742759,24,0.095746
40.854345,24,0.144549
41.995621,25,0.195683
40.844005,24,0.244539
39.176983,23,0.290373
40.614265,24,0.338695
40.561084,24,0.38707
42.319462,25,0.438037
39.161813,23,0.484478
