# {"t_start": 1582720500.9920955, "env_id": "HalfCheetah-v2"} 
r,l,t
-10.402276,1000,1.031578
-10.481016,1000,2.073384
-9.984253,1000,3.046821
-9.975425,1000,4.038745
-10.874697,1000,5.002246
-10.492882,1000,5.979683
-10.857609,1000,6.952941
-10.83869,1000,7.920496
-10.407393,1000,8.887191
-10.175251,1000,9.859517
