# {"env_id": "Hopper-v2", "t_start": 1582743072.911162} 
r,l,t
3680.444144,1000,1.013674
3684.705061,1000,2.029027
3663.901305,1000,3.038078
3672.334094,1000,4.039337
3677.588431,1000,5.039149
3678.208749,1000,6.03826
3678.224533,1000,7.03447
3675.028614,1000,8.030077
3665.801129,1000,9.029225
3676.191418,1000,10.041994
