# {"t_start": 1582695046.726208, "env_id": "MountainCarContinuous-v0"} 
r,l,t
98.295522,329,0.321929
98.27006,442,0.749227
98.309242,328,1.072402
98.324247,332,1.403793
97.999155,411,1.80131
98.164583,558,2.349383
98.14615,444,2.791782
97.744855,474,3.266892
98.281005,327,3.58741
98.316033,523,4.098799
