# {"t_start": 1582695038.9104192, "env_id": "MountainCarContinuous-v0"} 
r,l,t
98.609704,322,0.326
98.477733,402,0.73784
98.59173,396,1.149035
98.330598,418,1.601726
98.442627,333,1.977468
98.359469,486,2.523061
98.462653,439,3.008446
98.818377,397,3.439056
98.779884,468,3.956326
98.502162,474,4.500324
