# {"t_start": 1583103377.0465565, "env_id": "HalfCheetah-v2"} 
r,l,t
2061.668794,1000,1.027303
2099.747715,1000,2.089737
2112.20929,1000,3.141716
2075.971538,1000,4.169942
2064.002575,1000,5.210293
2123.892106,1000,6.328846
2106.906516,1000,7.372084
2149.869625,1000,8.409383
2107.481404,1000,9.517636
2151.424912,1000,10.627905
