# {"t_start": 1582846499.9287333, "env_id": "HalfCheetah-v2"} 
r,l,t
1764.359766,1000,2.516166
1702.632267,1000,5.122483
1768.5625,1000,7.683026
1745.913973,1000,10.104247
1768.163414,1000,12.422006
1788.035118,1000,14.897729
1743.008238,1000,17.396829
1768.439192,1000,19.839481
1772.785979,1000,22.30512
1714.853956,1000,24.853557
