# {"env_id": "HalfCheetah-v2", "t_start": 1582900170.5431728} 
r,l,t
1634.403865,1000,2.122906
1711.65848,1000,4.234142
1718.947356,1000,6.311859
1683.701458,1000,8.38224
1718.88212,1000,10.476406
1678.664223,1000,12.586185
1684.500083,1000,14.707069
1698.774181,1000,16.827017
1721.589665,1000,18.946949
1759.421044,1000,21.041601
