# {"t_start": 1582569708.246065, "env_id": "MountainCarContinuous-v0"} 
r,l,t
96.977475,174,0.063395
97.140921,183,0.122923
97.13748,187,0.192114
97.062686,182,0.250421
96.920389,173,0.300583
95.951358,265,0.378651
96.392723,378,0.49527
95.621033,275,0.576238
96.292438,258,0.651986
96.080826,262,0.734872
