# {"t_start": 1582847607.3479378, "env_id": "HalfCheetah-v2"} 
r,l,t
4820.766613,1000,2.000319
4691.584178,1000,3.970133
4752.502262,1000,6.008878
4867.301991,1000,8.055663
4771.390132,1000,10.080421
4799.390685,1000,12.141458
4782.667074,1000,14.227068
4596.636492,1000,16.348503
4707.852259,1000,18.499003
4779.260752,1000,20.598492
